{"cameraMode":{"drawMode":0,"name":"Shaded","section":"Shading Mode"},"sceneLighting":false,"audioPlay":false,"sceneViewState":{"showFog":true,"showMaterialUpdate":true,"showSkybox":false,"showFlares":true,"showImageEffects":true,"showParticleSystems":true},"in2DMode":false,"pivot":{"x":0.33000004291534426,"y":1.7000000476837159,"z":2.2710001468658449},"rotation":{"x":-0.23950743675231934,"y":0.5920519232749939,"z":-0.19017921388149262,"w":-0.7456173300743103},"size":2.4271695613861086,"orthographic":false}