{"cameraMode":{"drawMode":0,"name":"Shaded","section":"Shading Mode"},"sceneLighting":false,"audioPlay":false,"sceneViewState":{"showFog":true,"showMaterialUpdate":true,"showSkybox":false,"showFlares":true,"showImageEffects":true,"showParticleSystems":true},"in2DMode":false,"pivot":{"x":0.9813408851623535,"y":2.3493521213531496,"z":2.080526828765869},"rotation":{"x":-0.21274933218955995,"y":0.2778088450431824,"z":-0.06323959678411484,"w":-0.9346649050712586},"size":2.4271695613861086,"orthographic":false}