{"cameraMode":{"drawMode":0,"name":"Shaded","section":"Shading Mode"},"sceneLighting":false,"audioPlay":false,"sceneViewState":{"showFog":true,"showMaterialUpdate":true,"showSkybox":false,"showFlares":true,"showImageEffects":true,"showParticleSystems":true},"in2DMode":false,"pivot":{"x":-3.2130000591278078,"y":1.0369999408721924,"z":1.5140000581741334},"rotation":{"x":-0.2258717268705368,"y":0.062213823199272159,"z":-0.01445347722619772,"w":-0.9720734357833862},"size":1.4338047504425049,"orthographic":false}